<?xml version="1.0" encoding="UTF-8"?>
<addon id="game.libretro.nestopia" name="Nintendo - NES / Famicom (Nestopia UE)" version="1.51.1.26.1" provider-name="Martin Freij, R. Belmont, R. Danbrook">
  <requires>
    <import addon="game.libretro" version="1.0.0"/>
    <import addon="game.controller.nes" version="1.0.0"/>
    <import addon="game.controller.nes.zapper" version="1.0.0" optional="true"/>
  </requires>
  <extension point="kodi.gameclient" library_linux="game.libretro.nestopia.so">
    <platforms>NES</platforms>
    <extensions>nes|fds|unf|unif</extensions>
    <supports_vfs>true</supports_vfs>
    <supports_standalone>false</supports_standalone>
    <requires_opengl>false</requires_opengl>
  </extension>
  <extension point="xbmc.addon.metadata">
    <license>GPLv2</license>
    <platform/>
    <source>https://github.com/kodi-game/game.libretro.nestopia</source>
    <assets>
      <icon>resources/icon.png</icon>
      <screenshot>resources/screenshot-01.jpg</screenshot>
      <screenshot>resources/screenshot-02.jpg</screenshot>
      <screenshot>resources/screenshot-03.jpg</screenshot>
    </assets>
    <summary lang="en_GB">Nintendo - NES / Famicom (Nestopia UE) 1.51.1</summary>
    <description lang="da_DK">Nestopia er en bærbar open source NES-/Famicom-emulator. Den er designet til at være så nøjagtigt som muligt og understøtter et stort antal eksterne enheder.</description>
    <description lang="en_GB">Nestopia is a portable open source NES/Famicom emulator. It is designed to be as accurate as possible and supports a large number of peripherals.</description>
    <disclaimer lang="da_DK">Billedkreditering: Anarkhya (anarkhya.deviantart.com)</disclaimer>
    <disclaimer lang="en_GB">Icon credit: Anarkhya (anarkhya.deviantart.com)</disclaimer>
    <disclaimer lang="ko_KR">아이콘 크레딧: Anarkhya(anarkhya.deviantart.com)</disclaimer>
  </extension>
</addon>
