<?xml version="1.0" encoding="UTF-8"?>
<addon id="inputstream.rtmp" version="19.0.1.1" name="RTMP Input" provider-name="spiff">
  <requires>
    <import addon="kodi.binary.global.main" minversion="1.2.0" version="1.3.0"/>
    <import addon="kodi.binary.global.general" minversion="1.0.4" version="1.0.5"/>
    <import addon="kodi.binary.instance.inputstream" minversion="3.0.1" version="3.0.1"/>
  </requires>
  <extension point="kodi.inputstream" name="rtmp" protocols="rtmp|rtmpt|rtmpe|rtmpte|rtmps" listitemprops="SWFPlayer|swfurl|PageURL|PlayPath|TcUrl|IsLive|swfvfy" library_linux="inputstream.rtmp.so.19.0.1"/>
  <extension point="xbmc.addon.metadata">
    <platform/>
    <license>GPL-2.0-or-later</license>
    <source>https://github.com/xbmc/inputstream.rtmp</source>
    <assets>
      <icon>icon.png</icon>
    </assets>
    <news>v19.0.1
- Translation updates by Weblate

v19.0.0
- Changed test builds to released 'Kodi 19 Matrix'
- Prepared for new language translation by Weblate
- Increased version to 19.0.0
  - With start of Kodi 20 Nexus, takes addon as major the same version number as Kodi.
    This done to know easier to which Kodi the addon works.

v3.4.0
- Update: inputstream API 3.0.1
  - Fix wrong flags bit shift

v3.3.0
- Update inputstream API 3.0.0
- Fix and allow use of stream values:
  - SWFPlayer
  - swfurl (same as SWFPlayer)
  - PageURL
  - PlayPath
  - TcUrl
  - IsLive
  - swfvfy

v3.2.0
- Matrix API change inputstream API 2.3.4
- Add german translation
- Improve debian package build and add test to Travis CI

v3.1.1
- Bump verion for PPA build Global API 1.2.0 and inputstream API 2.3.1

v3.1.0
- Matrix API change inputstream API 2.3.1
- Matrix APi change Global API 1.2.0

v3.0.5
- Matrix API change to v2.3.0 - Re-release API change

v3.0.4
- Matrix API change to v2.3.0 - Pass mime type to inputstreams if available

v3.0.3
- Matrix API change to v2.2.0 - Allows upto 256 streams
    </news>
    <summary lang="da_DK">Klient til RTMP-streams</summary>
    <summary lang="de_DE">Client für RTMP-Streams</summary>
    <summary lang="en_GB">Client for RTMP streams</summary>
    <summary lang="es_MX">Cliente para flujos RTMP</summary>
    <summary lang="fi_FI">Asiakasohjelma RTMP-streameille</summary>
    <summary lang="ko_KR">RTMP 스트림용 클라이언트</summary>
    <summary lang="pl_PL">Klient strumieni RTMP</summary>
    <summary lang="zh_CN">RTMP 流的客户端</summary>
    <description lang="da_DK">Real Time Messaging Protocol (RTMP) er en proprietær netværksprotokol udviklet af Adobe Inc. til at overføre lyd, video og andre data via internettet fra en medieserver til en flashafspiller.[CR][CR]Dette add-on implementerer RTMP-understøttelse af streaming til Kodi og installerede add-ons.</description>
    <description lang="de_DE">Das Real Time Messaging Protocol (RTMP) ist ein proprietäres Netzwerkprotokoll, das von Adobe Inc. entwickelt wurde, um Audio-, Video- und andere Daten über das Internet von einem Medienserver zu einem Flash Player zu übertragen.[CR][CR]Dieses Addon implementiert die RTMP-Streaming-Unterstützung für Kodi und installierte Add-Ons.</description>
    <description lang="en_GB">The Real Time Messaging Protocol (RTMP) is a proprietary network protocol developed by Adobe Inc. to transmit audio, video and other data over the Internet from a media server to a flash player.[CR][CR]This addon implements RTMP streaming support for Kodi and installed add-ons.</description>
    <description lang="es_MX">El Protocolo de Mensajería en Tiempo Real (RTMP) es un protocolo de red propietario desarrollado por Adobe Inc. para transmitir audio, video y otros datos por internet desde un servidor de medios a un reproductor flash.[CR][CR]Este complemento implementa el soporte de reproducción RTMP para Kodi y para cualquier complemento instalado.</description>
    <description lang="fi_FI">Real Time Messaging Protocol (RTMP) on Adobe Inc:n kehittämä verkkoprotokolla äänen, videon ja muun tiedon siirtämiseen Internetin kautta mediapalvelimelta flash-soittimeen.[CR][CR]Tämä lisäosa toteuttaa RTMP-suoratoistotuen Kodille ja asennetuille lisäosille.</description>
    <description lang="ko_KR">실시간 메시징 프로토콜(RTMP)은 인터넷을 통해 미디어 서버에서 플래시 플레이어로 오디오, 비디오 및 기타 데이터를 전송하기 위해 Adobe Inc.에서 개발한 독점 네트워크 프로토콜입니다.[CR][CR]이 애드온은 Kodi와 설치된 애드온을 위한 RTMP 스트리밍 지원을 구현합니다.</description>
    <description lang="pl_PL">Protokół RTMP (Real Time Messaging Protocol) to własnościowy protokół sieciowy opracowany przez firmę Adobe Inc. do przesyłania dźwięku, obrazu i innych danych przez Internet z serwera multimediów do odtwarzacza Flash.[CR][CR]Ten dodatek implementuje obsługę przesyłania strumieniowego RTMP dla Kodi i zainstalowanych dodatków.</description>
    <description lang="zh_CN">实时消息协议（RTMP）是 Adobe Inc. 开发的一种专有网络协议，用于通过互联网将音频、视频和其他数据从媒体服务器传输到 flash 播放器。[CR][CR]此插件实现对 Kodi 和已安装插件的 RTMP 流支持。</description>
  </extension>
</addon>
