<?xml version="1.0" encoding="UTF-8"?>
<addon id="game.libretro.snes9x2002" name="Nintendo - SNES / SFC (Snes9x 2002)" version="7.2.0.28.1" provider-name="Snes9x Team, PocketSNES Team, Toadking">
  <requires>
    <import addon="game.libretro" version="1.0.0"/>
    <import addon="game.controller.snes" version="1.0.0"/>
    <import addon="game.controller.snes.mouse" version="1.0.0"/>
    <import addon="game.controller.snes.multitap" version="1.0.0"/>
    <import addon="game.controller.snes.super.scope" version="1.0.0"/>
    <import addon="game.controller.konami.justifier.snes" version="1.0.0"/>
  </requires>
  <extension point="kodi.gameclient" library_linux="game.libretro.snes9x2002.so">
    <platforms>SNES</platforms>
    <extensions>smc|fig|sfc|gd3|gd7|dx2|bsx|swc</extensions>
    <supports_vfs>true</supports_vfs>
    <supports_standalone>false</supports_standalone>
    <requires_opengl>false</requires_opengl>
  </extension>
  <extension point="xbmc.addon.metadata">
    <license>Non-commercial</license>
    <platform/>
    <source>https://github.com/kodi-game/game.libretro.snes9x2002</source>
    <assets>
      <icon>resources/icon.png</icon>
      <screenshot>resources/screenshot-01.jpg</screenshot>
      <screenshot>resources/screenshot-02.jpg</screenshot>
      <screenshot>resources/screenshot-03.jpg</screenshot>
    </assets>
    <summary lang="en_GB">Nintendo - SNES / SFC (Snes9x 2002) 7.2.0</summary>
    <description lang="en_GB">A port of SNES9x 1.39 for libretro. Previously called PocketSNES, this emulator is heavily optimized for ARM.</description>
    <description lang="ko_KR">libretro용 SNES9x 1.39 포트. 이전에 PocketSNES라고 불렸던 이 에뮬레이터는 ARM에 최적화되어 있습니다.</description>
  </extension>
</addon>
