<?xml version="1.0" encoding="UTF-8"?>
<addon id="game.libretro.pcsx-rearmed" name="Sony - PlayStation (PCSX ReARMed)" version="23.0.0.42.1" provider-name="PCSX Team, notaz, Exophase">
  <requires>
    <import addon="game.libretro" version="1.0.0"/>
    <import addon="game.controller.ps.dualanalog" version="1.0.0"/>
    <import addon="game.controller.ps.dualshock" version="1.0.0"/>
    <import addon="game.controller.ps.gamepad" version="1.0.0"/>
    <import addon="game.controller.ps.guncon.japan" version="1.0.0"/>
    <import addon="game.controller.ps.guncon.western" version="1.0.0"/>
    <import addon="game.controller.ps.mouse" version="1.0.0"/>
  </requires>
  <extension point="kodi.gameclient" library_linux="game.libretro.pcsx-rearmed.so">
    <platforms>PlayStation</platforms>
    <extensions>bin|cue|img|mdf|pbp|toc|cbn|m3u|chd</extensions>
    <supports_vfs>false</supports_vfs>
    <supports_standalone>false</supports_standalone>
    <requires_opengl>false</requires_opengl>
  </extension>
  <extension point="xbmc.addon.metadata">
    <license>GPLv2</license>
    <platform/>
    <source>https://github.com/kodi-game/game.libretro.pcsx-rearmed</source>
    <assets>
      <icon>resources/icon.png</icon>
    </assets>
    <summary lang="en_GB">Sony - PlayStation (PCSX ReARMed) r22</summary>
    <description lang="da_DK">PCSX ReARMed er en PCSX-fork baseret på PCSX-Reloaded-projektet, som i sig selv indeholder kode fra PCSX, PCSX-df og PCSX-Revolution.[CR][CR]Denne version har en MIPS-til-ARM-recompiler, NEON GTE-kode og flere ydelsesforbedringer.</description>
    <description lang="en_GB">PCSX ReARMed is another PCSX fork based on the PCSX-Reloaded project, which itself contains code from PCSX, PCSX-df and PCSX-Revolution.[CR][CR]This version features a MIPS-to-ARM recompiler, NEON GTE code and more performance improvements.</description>
  </extension>
</addon>
