<?xml version="1.0" encoding="UTF-8"?>
<addon id="game.libretro.mame2015" name="Arcade (MAME 2015)" version="0.160.0.6.1" provider-name="MAMEdev">
  <requires>
    <import addon="game.libretro" version="1.0.0"/>
  </requires>
  <extension point="kodi.gameclient" library_linux="game.libretro.mame2015.so">
    <platforms/>
    <extensions>chd|cmd|zip|7z</extensions>
    <supports_vfs>false</supports_vfs>
    <supports_standalone>false</supports_standalone>
  </extension>
  <extension point="xbmc.addon.metadata">
    <summary lang="en_GB">Arcade (MAME 2015) 0.160</summary>
    <description lang="en_GB">Supported files: .chd, .cmd, .zip, .7z</description>
    <license>MAME</license>
    <platform/>
    <source>https://github.com/kodi-game/game.libretro.mame2015</source>
  </extension>
</addon>
