<?xml version="1.0" encoding="UTF-8" standalone="yes"?>
<addon id="tools.btrfs-progs"
       name="BTRFS Tools"
       version="9.2.101"
       provider-name="Team CoreELEC">
  <requires>
    <import addon="xbmc.python" version="2.1.0"/>

  </requires>
  <extension point="xbmc.python.script" library="default.py">
    <provides></provides>
  </extension>
  <extension point="xbmc.addon.metadata">
    <summary>tools for the btrfs filesystem</summary>
    <description>
tools for the btrfs filesystem
    </description>
    <disclaimer>

    </disclaimer>
    <platform>all</platform>
    <news>
100
- Initial Release
    </news>
    <assets>
      <icon>resources/icon.png</icon>
      <fanart>resources/fanart.png</fanart>

    </assets>
  </extension>
</addon>
