<?xml version="1.0" encoding="UTF-8"?>
<addon id="game.libretro.quicknes" name="Nintendo - NES / Famicom (QuickNES)" version="1.0.0.24.1" provider-name="blargg, kode54">
  <requires>
    <import addon="game.libretro" version="1.0.0"/>
    <import addon="game.controller.nes" version="1.0.0"/>
  </requires>
  <extension point="kodi.gameclient" library_linux="game.libretro.quicknes.so">
    <platforms>NES</platforms>
    <extensions>nes</extensions>
    <supports_vfs>true</supports_vfs>
    <supports_standalone>false</supports_standalone>
    <requires_opengl>false</requires_opengl>
  </extension>
  <extension point="xbmc.addon.metadata">
    <license>LGPLv2.1+</license>
    <platform/>
    <source>https://github.com/kodi-game/game.libretro.quicknes</source>
    <assets>
      <icon>resources/icon.png</icon>
      <screenshot>resources/screenshot-01.jpg</screenshot>
      <screenshot>resources/screenshot-02.jpg</screenshot>
      <screenshot>resources/screenshot-03.jpg</screenshot>
    </assets>
    <summary lang="en_GB">Nintendo - NES / Famicom (QuickNES) 1.0-WIP</summary>
    <description lang="en_GB">A port of the QuickNES core library, originally by Shay Green, heavily modified. QuickNES is a newer emulator that seems to have good compatibility.</description>
  </extension>
</addon>
