<?xml version="1.0" encoding="UTF-8"?>
<addon id="pvr.waipu" version="2.2.0.1" name="waipu.tv PVR Client" provider-name="flubshi">
  <requires>
    <import addon="kodi.binary.global.main" minversion="1.2.0" version="1.3.0"/>
    <import addon="kodi.binary.global.general" minversion="1.0.4" version="1.0.5"/>
    <import addon="kodi.binary.global.filesystem" minversion="1.1.0" version="1.1.6"/>
    <import addon="kodi.binary.instance.pvr" minversion="7.1.0" version="7.1.0"/>
    <import addon="script.module.inputstreamhelper" version="0.4.1"/>
    <import addon="script.module.requests" version="2.3.0"/>
    <import addon="inputstream.adaptive" minversion="2.4.2"/>
  </requires>
  <extension point="kodi.pvrclient" library_linux="pvr.waipu.so.2.2.0"/>
  <extension point="xbmc.addon.metadata">
    <summary lang="de_DE">waipu.tv PVR Client</summary>
    <summary lang="en_US">waipu.tv PVR Client</summary>
    <description lang="de_DE">waipu.tv PVR Client. Hinweis: Dies ist kein offizielles Waipu-Plugin und steht nicht in Verbindung zur Exaring AG oder zu waipu.tv. Es wurde von Freiwilligen entwickelt.</description>
    <description lang="en_US">waipu.tv PVR Client. Note: This is not an official waipu plugin and not related to Exaring AG or waipu.tv. It was developed by volunteers.</description>
    <platform/>
    <license>GNU General Public License. Version 2, June 1991</license>
    <forum/>
    <website>https://www.waipu.tv/</website>
    <email/>
    <source>https://github.com/flubshi/pvr.waipu</source>
    <assets>
      <icon>icon.png</icon>
      <fanart>fanart.jpg</fanart>
      <screenshot>resources/screenshots/screenshot-01.jpg</screenshot>
      <screenshot>resources/screenshots/screenshot-02.jpg</screenshot>
    </assets>
    <news>
- 2.2.0 Implement new StreamURL API
- 2.1.0 Update PVR API 7.0.2
- 2.0.1 Remove p8-platform dependency
- 2.0.0 Update PVR API 7.0.0; Rework addon to support new API interface
- 1.5.2 Internal code cleanup
- 1.5.1 Fix crash if no preview image available for recording
- 1.5.0 Update PVR API 6.5.1; Update Global API 1.2.0
- 1.4.7 Show HD channel logos; Remove 'check requirements' script
- 1.4.6 Update PVR API 6.5.0
- 1.4.5 Improve CI and readme
- 1.4.4 Update PVR API 6.4.0; minor cleanups
- 1.4.3 Update PVR API 6.3.0
- 1.4.2 Update PVR API 6.2.0
- 1.4.1 New settings format; add external dependencies
- 1.4.0 Implement Video on Demand channels
- 1.3.3 Fix: hide recordable option for items in the past
- 1.3.2 Add inputstream.adaptive to dependencies; Fix translation IDs; Show record option only if available
- 1.3.1 Add channel groups: display favorites
- 1.3.0 Implement O2 authentication
- 1.2.4 Fix Ubuntu packaging: adjust rapidjson dependency
- 1.2.3 Fix Ubuntu packaging: add rapidjson dependency
- 1.2.2 Fix Debian/Ubuntu packaging (thx Rechi)
- 1.2.1 Internal improvements to prepare for O2 authentication
- 1.1.0 Fix timers not displayed; Add option to install widevine
- 1.0.8 Update build sytem version; change header include way
- 1.0.7 Add workaround for O2 Accounts
- 1.0.6 Improved error handling related to login problems (no network, invalid credentials)
- 1.0.5 Settings check requirements: handle network issues
- 1.0.4 Improvements and preparation for error handling
- 1.0.3 Settings: Add check to verify requirements (widevine and network status)
- 1.0.2 Do not show hidden channels
- 1.0.1 Code cleanup: remove usage of kodi-platform
- 1.0.0 Fix windows build
- 0.5.0 Update to PVR addon API v6.0.0
- 0.1.0 adjust dst workaround; fix stoi
- 0.0.9 Improve handling of recordings, update user-agent, readme and description
- 0.0.8 Check for JSON parse errors
- 0.0.7 Prepare for kodi binary repo
- 0.0.6 Add timers, fixes
- 0.0.5 Implement timers (list and delete)
- 0.0.4 Implement deletion of recordings
- 0.0.3 Implement recordings
- 0.0.2 First release: EPG and Live TV
- 0.0.1 Initial alpha version
  </news>
  </extension>
</addon>
