<?xml version="1.0" encoding="UTF-8"?>
<addon id="audioencoder.lame" version="3.0.1.2" name="Lame MP3 Audio Encoder" provider-name="spiff">
  <requires>
    <import addon="kodi.binary.global.main" minversion="1.2.0" version="1.3.0"/>
    <import addon="kodi.binary.instance.audioencoder" minversion="2.1.0" version="2.1.0"/>
  </requires>
  <extension point="kodi.audioencoder" extension=".mp3" library_linux="audioencoder.lame.so.3.0.1"/>
  <extension point="xbmc.addon.metadata">
    <summary lang="de_DE">LAME ist ein hochwertiger MPEG Audio Layer III (MP3)</summary>
    <summary lang="en_GB">LAME is a high quality MPEG Audio Layer III (MP3)</summary>
    <description lang="de_DE">Es verwendet LAME, den hochwertigen MPEG Audio Layer III (MP3) Encoder, der unter der LGPL lizenziert ist.</description>
    <description lang="en_GB">It use LAME, the high quality MPEG Audio Layer III (MP3) encoder licensed under the LGPL.</description>
    <platform/>
    <license>GPL-2.0-or-later</license>
    <source>https://github.com/xbmc/audioencoder.lame</source>
    <assets>
      <icon>icon.png</icon>
    </assets>
  </extension>
</addon>
