<?xml version="1.0" encoding="UTF-8" standalone="yes"?>
<addon id="script.moonlight"
       name="Moonlight"
       version="19.1.110"
       provider-name="Team CoreELEC">
  <requires>
    <import addon="xbmc.python" version="3.0.0"/>

  </requires>
  <extension point="xbmc.service" library="default.py">
    <provides></provides>
  </extension>
  <extension point="xbmc.addon.metadata">
    <summary>Moonlight: Add-on removed</summary>
    <description>
Moonlight Add-on removed
    </description>
    <disclaimer>

    </disclaimer>
    <broken>
Moonlight is no longer maintained.
    </broken>
    <platform>all</platform>
    <news>

    </news>
    <assets>
      <icon>resources/icon.png</icon>
      <fanart>resources/fanart.png</fanart>

    </assets>
  </extension>
</addon>
