<?xml version="1.0" encoding="UTF-8"?>
<addon id="visualization.goom" version="3.4.0.3" name="Goom" provider-name="Team Kodi">
  <requires>
    <import addon="kodi.binary.global.main" minversion="1.2.0" version="1.3.0"/>
    <import addon="kodi.binary.global.general" minversion="1.0.4" version="1.0.5"/>
    <import addon="kodi.binary.global.gui" minversion="5.15.0" version="5.15.0"/>
    <import addon="kodi.binary.global.filesystem" minversion="1.1.0" version="1.1.6"/>
    <import addon="kodi.binary.instance.visualization" minversion="3.0.0" version="3.0.0"/>
  </requires>
  <extension point="xbmc.player.musicviz" library_linux="visualization.goom.so.3.4.0"/>
  <extension point="xbmc.addon.metadata">
    <summary lang="de_DE">Goom 2k4 Visualisierung</summary>
    <summary lang="en_GB">Goom 2k4 Visualization</summary>
    <description lang="de_DE">Die Goom 2k4-Visualisierung unterstützt Effekte wie Tentakel, Blitz, Sterne, Feuerwerk, Wellen, Unschärfen und Glühen und enthält eine große Anzahl trippiger hypnotischer Effekte, die mit der Musik tanzen, wirbeln und knallen.</description>
    <description lang="en_GB">The Goom 2k4 visualization supports effects like Tentacles, Flash, Stars, Fireworks, Waves, Blurs and Glows and includes a large number of trippy hypnotic effects that dance, swirl and pop with the music,</description>
    <platform/>
    <license>GPL-2.0-or-later</license>
    <source>https://github.com/xbmc/visualization.goom</source>
    <assets>
      <icon>resources/icon.png</icon>
      <fanart>resources/fanart.png</fanart>
      <screenshot>resources/screenshot-01.jpg</screenshot>
      <screenshot>resources/screenshot-02.jpg</screenshot>
      <screenshot>resources/screenshot-03.jpg</screenshot>
      <screenshot>resources/screenshot-04.jpg</screenshot>
      <screenshot>resources/screenshot-05.jpg</screenshot>
    </assets>
  </extension>
</addon>
