<?xml version="1.0" encoding="UTF-8"?>
<addon id="game.libretro.dosbox" name="DOS (DOSBox)" version="0.74.0.15.1" provider-name="DOSBox Team">
  <requires>
    <import addon="game.libretro" version="1.0.0"/>
  </requires>
  <extension point="kodi.gameclient" library_linux="game.libretro.dosbox.so">
    <platforms/>
    <extensions>exe|com|bat|conf</extensions>
    <supports_vfs>false</supports_vfs>
    <supports_standalone>true</supports_standalone>
    <requires_opengl>false</requires_opengl>
  </extension>
  <extension point="xbmc.addon.metadata">
    <license>GPLv2</license>
    <platform/>
    <source>https://github.com/kodi-game/game.libretro.dosbox</source>
    <assets>
      <icon>resources/icon.png</icon>
    </assets>
    <summary lang="en_GB">DOS (DOSBox) 0.74</summary>
    <description lang="en_GB">DOSBox emulates an IBM PC compatible computer running MS-DOS.[CR][CR]DOSBox can be configured to run a wide range of DOS games, from CGA/Tandy/PCjr classics up to games from the Quake era.</description>
  </extension>
</addon>
