<?xml version="1.0" encoding="UTF-8" standalone="yes"?>
<addon id="service.hyperion"
       name="Hyperion"
       version="19.4.112"
       provider-name="Team CoreELEC">
  <requires>
    <import addon="xbmc.python" version="3.0.0"/>

  </requires>
  <extension point="xbmc.service" library="default.py">
    <provides></provides>
  </extension>
  <extension point="xbmc.addon.metadata">
    <summary>Hyperion: an AmbiLight controller</summary>
    <description>
Hyperion(2019-08-19) is an modern opensource AmbiLight implementation.
    </description>
    <disclaimer>

    </disclaimer>
    <platform>all</platform>
    <news>
112
- Remove legacy RPi dispmanx support

111
- update qt to 5.14.0
  * fixes screenshot not saving png files

110
- Update to version 2019-08-19
  * Fix resuming from paused in kodi 18

109
- Update to version 2018-12-20

108
- Update to version 1d125d8
  * Kodi 18 fix merged
  * Fix for segfaults

107
- Update to version dc6a602
- Use correct OnAVStart event on Kodi 18

106
- Update to version 1c21232

105
- Update protobuf to 3.1.0
- Fix build with gcc 6

104
- Allow running with hyperion-x11
- Add reload option to service.hyperion

103
- Update to version 355a324
- Build with QT5
- Enable webserver

102
- Update to version 85fcec3

101
- Update to version d2f4725

100
- Update for LibreELEC 8.0
- Add protobuf/V4L2 support
    </news>
    <assets>
      <icon>resources/icon.png</icon>
      <fanart>resources/fanart.png</fanart>
<screenshot>resources/screenshot-01.jpg</screenshot>
<screenshot>resources/screenshot-02.jpg</screenshot>
<screenshot>resources/screenshot-03.jpg</screenshot>

    </assets>
  </extension>
</addon>
