<?xml version="1.0" encoding="UTF-8" standalone="yes"?>
<addon id="service.lcdd"
       name="LCDproc"
       version="19.1.108"
       provider-name="Team CoreELEC">
  <requires>
    <import addon="xbmc.python" version="3.0.0"/>

  </requires>
  <extension point="xbmc.service" library="default.py">
    <provides></provides>
  </extension>
  <extension point="xbmc.addon.metadata">
    <summary>LCDproc: Software to display system information from your Linux/*BSD box on a LCD</summary>
    <description>
LCDproc (9ec9ba4e5dda653288bc55d2898723aa2c2ad9c1) is a piece of software that displays real-time system information from your Linux/*BSD box on a LCD. The server supports several serial devices: Matrix Orbital, Crystal Fontz, Bayrad, LB216, LCDM001 (kernelconcepts.de), Wirz-SLI, Cwlinux(.com) and PIC-an-LCD; and some devices connected to the LPT port: HD44780, STV5730, T6963, SED1520 and SED1330. Various clients are available that display things like CPU load, system load, memory usage, uptime, and a lot more.
    </description>
    <disclaimer>

    </disclaimer>
    <platform>all</platform>
    <news>
108
- Update to 0.5dev+2020-07-21

107
- Update to 0.5dev+2018-11-04

106
- Build with -O3 to avoid undefined symbols

105
- Rebuild after glibc bump

104
- Update to 466edd3

103
- Update to 0.5.8

102
- Update to c05a7de
- Reintroduce dm140 driver
- Build with libugpio

101
- Update to upstream 1554506

100
- Initial addon
    </news>
    <assets>
      <icon>resources/icon.png</icon>
      <fanart>resources/fanart.png</fanart>

    </assets>
  </extension>
</addon>
