<?xml version="1.0" encoding="UTF-8"?>
<addon id="game.libretro.dosbox-pure" name="DOS (DOSBox-Pure)" version="0.10.0.1.2" provider-name="DOSBox Team, Psyraven">
  <requires>
    <import addon="game.libretro" version="1.0.0"/>
  </requires>
  <extension point="kodi.gameclient" library_linux="game.libretro.dosbox-pure.so">
    <platforms/>
    <extensions>zip|dosz|exe|com|bat|iso|cue|ins|img|ima|vhd|m3u|m3u8</extensions>
    <supports_vfs>false</supports_vfs>
    <supports_standalone>true</supports_standalone>
  </extension>
  <extension point="xbmc.addon.metadata">
    <summary lang="en_GB">DOS (DOSBox-Pure) 0.10</summary>
    <description lang="en_GB">Supported files: .zip, .dosz, .exe, .com, .bat, .iso, .cue, .ins, .img, .ima, .vhd, .m3u, .m3u8</description>
    <license>GPLv2</license>
    <platform/>
    <source>https://github.com/kodi-game/game.libretro.dosbox-pure</source>
  </extension>
</addon>
