<?xml version="1.0" encoding="UTF-8" standalone="yes"?>
<addon id="service.snapclient"
       name="Snapclient"
       version="19.0.105"
       provider-name="Anton Voyl (awiouy)">
  <requires>
    <import addon="xbmc.python" version="3.0.0"/>

  </requires>
  <extension point="xbmc.service" library="default.py">
    <provides></provides>
  </extension>
  <extension point="xbmc.python.library" library="addon.py">
    <provides></provides>
  </extension>
  <extension point="xbmc.addon.metadata">
    <summary>Snapclient: Synchronous multi-room audio client</summary>
    <description>
Snapclient (0.24.0) is a Snapcast client. Snapcast is a multi-room client-server audio system, where all clients are time synchronized with the server to play perfectly synced audioplays.
    </description>
    <disclaimer>

    </disclaimer>
    <platform>all</platform>
    <news>
105
- aixlog: update to 1.5.0
- snapcast: update to 0.24.0

104
- Update to 0.23.0

103
- Update to 0.22.0

102
- Update to 0.15.0
- Add alsa-plugins

101
- Always restart service
- Improve latency setting
- Keep daemon state

100
- Initial addon
    </news>
    <assets>
      <icon>resources/icon.png</icon>
      <fanart>resources/fanart.png</fanart>

    </assets>
  </extension>
</addon>
