<?xml version="1.0" encoding="UTF-8"?>
<addon id="audiodecoder.stsound" version="3.0.0.4" name="YM Audio Decoder" provider-name="spiff">
  <requires>
    <import addon="kodi.binary.global.main" minversion="1.2.0" version="1.3.0"/>
    <import addon="kodi.binary.global.filesystem" minversion="1.1.0" version="1.1.6"/>
    <import addon="kodi.binary.instance.audiodecoder" minversion="3.0.0" version="3.0.0"/>
  </requires>
  <extension point="kodi.audiodecoder" name="ym" extension=".ym" tags="true" library_linux="audiodecoder.stsound.so.3.0.0"/>
  <extension point="xbmc.addon.metadata">
    <summary lang="de_DE">YM (spectrum) Audio Decoder</summary>
    <summary lang="en_GB">YM (spectrum) Audio Decoder</summary>
    <description lang="de_DE">YM (YM2149 Music) ist ein Audioformat, das Anweisungen protokolliert, die an einen AY-3-8910- oder YM2149-Chip gesendet werden. Die Wiedergabe erfolgt durch Emulieren der Chips und Senden der protokollierten Daten an diese. Da das Format lediglich die Anweisungen auf dem Chip protokolliert, bleibt der ursprüngliche Inhalt des Musikformats nicht erhalten.</description>
    <description lang="en_GB">YM (YM2149 Music) is an audio format that logs instructions sent to an AY-3-8910 or YM2149 chip. Playback occurs by emulating the chips and sending the logged data to them. Because the format merely logs the instructions to the chip, it doesn't preserve the original content of the music format.</description>
    <platform/>
    <license>GPL-2.0-or-later</license>
    <source>https://github.com/xbmc/audiodecoder.stsound</source>
    <assets>
      <icon>icon.png</icon>
    </assets>
  </extension>
</addon>
