<?xml version="1.0" encoding="UTF-8" standalone="yes"?>
<addon id="service.multimedia.mpd"
       name="Music Player Daemon (MPD)"
       version="19.5.113"
       provider-name="Team CoreELEC">
  <requires>
    <import addon="xbmc.python" version="3.0.0"/>

  </requires>
  <extension point="xbmc.service" library="default.py">
    <provides></provides>
  </extension>
  <extension point="xbmc.addon.metadata">
    <summary>Music Player Daemon (MPD): a free and open Music Player Server</summary>
    <description>
Music Player Daemon (0.23.5) is a flexible and powerful server-side application for playing music
    </description>
    <disclaimer>

    </disclaimer>
    <platform>all</platform>
    <news>
113
- Update to version 0.23.5
- libmpdclient: update to 2.20
- Update libopenmpt to 0.5.15

112
- Update to version 0.23.3

111
- include wavpack support
- Update to version 0.22.9

110
- Update to version 0.22.6

109
- Update to version 0.22.3
- Enabled fifo

108
- Update to version 0.21.24

107
- Update to version 0.21.4

106
- Update to version 0.20.21

105
- Update to version 0.20.19
- Added mpd cli client mpc

104
- Update to version 0.20.13
- Build with more features

103
- Update to version 0.20.9

102
- Update to version 0.20.3

101
- Rebuild for libogg

100
- Initial LibreELEC version
    </news>
    <assets>
      <icon>resources/icon.png</icon>
      <fanart>resources/fanart.png</fanart>

    </assets>
  </extension>
</addon>
