<?xml version="1.0" encoding="UTF-8"?>
<addon id="audiodecoder.upse" version="3.0.0.3" name="PSF Audio Decoder" provider-name="spiff">
  <requires>
    <import addon="kodi.binary.global.main" minversion="1.2.0" version="1.3.0"/>
    <import addon="kodi.binary.global.filesystem" minversion="1.1.0" version="1.1.6"/>
    <import addon="kodi.binary.instance.audiodecoder" minversion="3.0.0" version="3.0.0"/>
  </requires>
  <extension point="kodi.audiodecoder" name="psf" extension=".psf|.minipsf" tags="true" library_linux="audiodecoder.upse.so.3.0.0"/>
  <extension point="xbmc.addon.metadata">
    <summary lang="de_DE">Portable Sound Format (PSF) Audio Decoder</summary>
    <summary lang="en_GB">Portable Sound Format (PSF) Audio Decoder</summary>
    <description lang="de_DE">Fügt Dekodierungsunterstützung für Sony Playstation Sound Format-Dateien (.PSF/.MINIPSF) hinzu.</description>
    <description lang="en_GB">Adds decoding support for Sony Playstation Sound Format files (.PSF/.MINIPSF).</description>
    <platform/>
    <license>GPL-2.0-or-later</license>
    <source>https://github.com/xbmc/audiodecoder.upse</source>
    <assets>
      <icon>icon.png</icon>
    </assets>
  </extension>
</addon>
