<?xml version="1.0" encoding="UTF-8" standalone="yes"?>
<addon id="service.ttyd"
       name="Web SSH Terminal"
       version="19.1.102"
       provider-name="Team CoreELEC">
  <requires>
    <import addon="xbmc.python" version="3.0.0"/>

  </requires>
  <extension point="xbmc.service" library="default.py">
    <provides></provides>
  </extension>
  <extension point="xbmc.addon.metadata">
    <summary>ttyd: a tool for accessing the terminal over a browser</summary>
    <description>
ttyd (1.6.3): is a simple command-line tool for sharing terminal over the web
    </description>
    <disclaimer>

    </disclaimer>
    <platform>all</platform>
    <news>
102
- update to 1.6.3

101
- update to 1.6.1
- fix disconnections

100
- initial LibreELEC version
    </news>
    <assets>
      <icon>resources/icon.png</icon>
      <fanart>resources/fanart.png</fanart>

    </assets>
  </extension>
</addon>
