<?xml version="1.0" encoding="UTF-8"?>
<addon id="game.libretro.beetle-pce-fast" name="NEC - PC Engine / CD (Beetle PCE FAST)" version="1.29.0.32.1" provider-name="Mednafen Team">
  <requires>
    <import addon="game.libretro" version="1.0.0"/>
    <import addon="game.controller.pce" version="1.0.0"/>
  </requires>
  <extension point="kodi.gameclient" library_linux="game.libretro.beetle-pce-fast.so">
    <platforms>PCE</platforms>
    <extensions>pce|cue|ccd|chd|toc|m3u</extensions>
    <supports_vfs>false</supports_vfs>
    <supports_standalone>false</supports_standalone>
    <requires_opengl>false</requires_opengl>
  </extension>
  <extension point="xbmc.addon.metadata">
    <license>GPLv2</license>
    <platform/>
    <source>https://github.com/kodi-game/game.libretro.beetle-pce-fast</source>
    <assets>
      <icon>resources/icon.png</icon>
      <screenshot>resources/screenshot-01.jpg</screenshot>
      <screenshot>resources/screenshot-02.jpg</screenshot>
      <screenshot>resources/screenshot-03.jpg</screenshot>
    </assets>
    <summary lang="en_GB">NEC - PC Engine / CD (Beetle PCE FAST) v0.9.38.7</summary>
    <description lang="da_DK">Beetle PC Engine Fast er en fork af Mednafens PC Engine Fast-driver.[CR][CR]Sammenlignet med Beetle PC Engine bytter den hurtige version typisk unødvendig nøjagtighed væk til fordel for hastighed.</description>
    <description lang="en_GB">Beetle PC Engine Fast is a fork of Mednafen's PC Engine Fast driver.[CR][CR]Compared to Beetle PC Engine, the fast version trades away typically unnecessary accuracy in favor of speed.</description>
    <description lang="zh_CN">Beetle PC Engine Fast 是 Mednafen 的 PC Engine Fast 驱动程序的一个分支。[CR][CR]与 Beetle PC Engine 相比，Fast 版本关注速度而非精确性。</description>
  </extension>
</addon>
