<?xml version="1.0" encoding="UTF-8"?>
<addon id="audioencoder.vorbis" version="3.0.1.3" name="Vorbis Audio Encoder" provider-name="spiff">
  <requires>
    <import addon="kodi.binary.global.main" minversion="1.2.0" version="1.3.0"/>
    <import addon="kodi.binary.instance.audioencoder" minversion="2.1.0" version="2.1.0"/>
  </requires>
  <extension point="kodi.audioencoder" extension=".ogg" library_linux="audioencoder.vorbis.so.3.0.1"/>
  <extension point="xbmc.addon.metadata">
    <summary lang="de_DE">Vorbis-Audiokomprimierung</summary>
    <summary lang="en_GB">Vorbis audio compression</summary>
    <description lang="de_DE">Vorbis ist ein Allzweck-Audio-Codec, der hohe Encoderflexibilität bringen soll und somit eine wettbewerbsfähige Skalierung über einen außergewöhnlich großen Bereich von Bitraten ermöglicht.</description>
    <description lang="en_GB">Vorbis is a general purpose perceptual audio CODEC intended to allow maximum encoder flexibility, thus allowing it to scale competitively over an exceptionally wide range of bitrates.</description>
    <platform/>
    <license>GPL-2.0-or-later</license>
    <source>https://github.com/xbmc/audioencoder.vorbis</source>
    <assets>
      <icon>icon.png</icon>
    </assets>
  </extension>
</addon>
