<?xml version="1.0" encoding="UTF-8"?>
<addon id="pvr.waipu" version="2.8.2.1" name="waipu.tv PVR Client" provider-name="flubshi">
  <requires>
    <import addon="kodi.binary.global.main" minversion="1.2.0" version="1.3.0"/>
    <import addon="kodi.binary.global.general" minversion="1.0.4" version="1.0.5"/>
    <import addon="kodi.binary.global.filesystem" minversion="1.1.0" version="1.1.6"/>
    <import addon="kodi.binary.instance.pvr" minversion="7.1.0" version="7.1.0"/>
    <import addon="script.module.inputstreamhelper" version="0.5.2"/>
    <import addon="inputstream.adaptive" minversion="2.6.5"/>
  </requires>
  <extension point="kodi.pvrclient" library_linux="pvr.waipu.so.2.8.2"/>
  <extension point="xbmc.addon.metadata">
    <summary lang="de_DE">waipu.tv PVR Client</summary>
    <summary lang="en_US">waipu.tv PVR Client</summary>
    <description lang="de_DE">waipu.tv PVR Client. Hinweis: Dies ist kein offizielles Waipu-Plugin und steht nicht in Verbindung zur Exaring AG oder zu waipu.tv. Es wurde von Freiwilligen entwickelt.</description>
    <description lang="en_US">waipu.tv PVR Client. Note: This is not an official waipu plugin and not related to Exaring AG or waipu.tv. It was developed by volunteers.</description>
    <platform/>
    <license>GNU General Public License. Version 2, June 1991</license>
    <forum/>
    <website>https://www.waipu.tv/</website>
    <email/>
    <source>https://github.com/flubshi/pvr.waipu</source>
    <assets>
      <icon>icon.png</icon>
      <fanart>fanart.jpg</fanart>
      <screenshot>resources/screenshots/screenshot-01.jpg</screenshot>
      <screenshot>resources/screenshots/screenshot-02.jpg</screenshot>
    </assets>
    <news>
- 2.8.2 Fix replay and recordable state
- 2.8.1 Fix EPG tag playback
- 2.8.0 Add EPG eit categories (color EPG)
- 2.7.0 Add DASH/HLS autoselect feature
- 2.6.1 Fix infinite login lock
- 2.6.0 Implement DeviceCapabilities API; Allow resolution by addon settings
- 2.5.1 Update addon depends versions and remove script.module.requests
- 2.5.0 Update PVR API 7.1.0
    </news>
  </extension>
</addon>
