<?xml version="1.0" encoding="UTF-8"?>
<addon id="visualization.matrix" version="0.4.2.3" name="Matrix" provider-name="Sarbes">
  <requires>
    <import addon="kodi.binary.global.main" minversion="1.2.0" version="1.3.0"/>
    <import addon="kodi.binary.global.general" minversion="1.0.4" version="1.0.5"/>
    <import addon="kodi.binary.global.gui" minversion="5.15.0" version="5.15.0"/>
    <import addon="kodi.binary.global.filesystem" minversion="1.1.0" version="1.1.6"/>
    <import addon="kodi.binary.instance.visualization" minversion="3.0.0" version="3.0.0"/>
  </requires>
  <extension point="xbmc.player.musicviz" library_linux="visualization.matrix.so.0.4.2"/>
  <extension point="xbmc.addon.metadata">
    <summary lang="en_gb">Matrix inspired visualization for Kodi.</summary>
    <description lang="en_gb">This music visualization is inspired by the movie "Matrix". It features eight presets.</description>
    <platform/>
    <assets>
      <icon>resources/icon.jpg</icon>
      <fanart>resources/fanart.jpg</fanart>
    </assets>
  </extension>
</addon>
