<?xml version="1.0" encoding="UTF-8"?>
<addon id="game.libretro.vba-next" name="Nintendo - Game Boy Advance (VBA Next)" version="1.0.2.9.1" provider-name="Forgotten, VBA-M Team, Squarepusher">
  <requires>
    <import addon="game.libretro" version="1.0.0"/>
    <import addon="game.controller.gba" version="1.0.0"/>
  </requires>
  <extension point="kodi.gameclient" library_linux="game.libretro.vba-next.so">
    <platforms>Game Boy Advance</platforms>
    <extensions>gba</extensions>
    <supports_vfs>true</supports_vfs>
    <supports_standalone>false</supports_standalone>
  </extension>
  <extension point="xbmc.addon.metadata">
    <summary lang="en_GB">Nintendo - Game Boy Advance (VBA Next) v1.0.2</summary>
    <description lang="en_GB">VBA-Next is a fork from the now inactive VisualBoy Advance project, with goals to improve the compatibility and features of the emulator.

Supported files: .gba</description>
    <license>GPLv2</license>
    <platform/>
    <source>https://github.com/kodi-game/game.libretro.vba-next</source>
    <assets>
      <icon>resources/icon.png</icon>
      <screenshot>resources/screenshot-01.jpg</screenshot>
      <screenshot>resources/screenshot-02.jpg</screenshot>
      <screenshot>resources/screenshot-03.jpg</screenshot>
    </assets>
  </extension>
</addon>
