<?xml version="1.0" encoding="UTF-8" standalone="yes"?>
<addon id="service.hyperion.ng"
       name="Hyperion.NG"
       version="19.5.109"
       provider-name="Team CoreELEC">
  <requires>
    <import addon="xbmc.python" version="3.0.0"/>

  </requires>
  <extension point="xbmc.service" library="default.py">
    <provides></provides>
  </extension>
  <extension point="xbmc.addon.metadata">
    <summary>Hyperion.NG: an AmbiLight controller</summary>
    <description>
Hyperion.NG(2.0.12) is an modern opensource AmbiLight implementation.
    </description>
    <disclaimer>

    </disclaimer>
    <platform>all</platform>
    <news>
109
- Update to 2.0.12
108
- Update to 2.0.0-alpha.11
...
101
- Add Platform script
100

- Initial Release @e438bc6
    </news>
    <assets>
      <icon>resources/icon.png</icon>
      <fanart>resources/fanart.png</fanart>
<screenshot>resources/screenshot-01.jpg</screenshot>
<screenshot>resources/screenshot-02.jpg</screenshot>
<screenshot>resources/screenshot-03.jpg</screenshot>
<screenshot>resources/screenshot-04.jpg</screenshot>
<screenshot>resources/screenshot-05.jpg</screenshot>

    </assets>
  </extension>
</addon>
