<?xml version="1.0" encoding="UTF-8"?>
<addon id="audiodecoder.wsr" version="3.0.1.3" name="WSR Audio Decoder" provider-name="spiff">
  <requires>
    <import addon="kodi.binary.global.main" minversion="1.2.0" version="1.3.0"/>
    <import addon="kodi.binary.global.general" minversion="1.0.4" version="1.0.5"/>
    <import addon="kodi.binary.global.filesystem" minversion="1.1.0" version="1.1.6"/>
    <import addon="kodi.binary.global.tools" minversion="1.0.0" version="1.0.4"/>
    <import addon="kodi.binary.instance.audiodecoder" minversion="3.0.0" version="3.0.0"/>
  </requires>
  <extension point="kodi.audiodecoder" name="wsr" extension=".wsr|.wsrstream" tracks="true" library_linux="audiodecoder.wsr.so.3.0.1"/>
  <extension point="xbmc.addon.metadata">
    <summary lang="de_DE">WonderSwan R Audio Decoder</summary>
    <summary lang="en_GB">WonderSwan R Audio Decoder</summary>
    <description lang="de_DE">WonderSwan R (WSR) ist ein Containerformat, das Audio-Code enthält, der aus den ROMs von Spielen für das WonderSwan- und WonderSwan Color-Handheld-Spielsystem gerippt wurde. Sowohl die Original- als auch die Farbversion verwendeten denselben Audio-Chip, der 4 PCM-Audiokanäle verarbeiten konnte.</description>
    <description lang="en_GB">WonderSwan R (WSR) is a container format, that holds audio code ripped from the ROMs of games for the WonderSwan and WonderSwan Color handheld game system. Both the original and color versions used the same audio chip which could handle 4 PCM audio channels.</description>
    <platform/>
    <license>GPL-2.0-or-later</license>
    <source>https://github.com/xbmc/audiodecoder.wsr</source>
    <assets>
      <icon>icon.png</icon>
    </assets>
  </extension>
</addon>
