<?xml version="1.0" encoding="UTF-8"?>
<addon id="vfs.rar" version="4.0.0.4" name="RAR archive support" provider-name="spiff">
  <requires>
    <import addon="kodi.binary.global.main" minversion="1.2.0" version="1.3.0"/>
    <import addon="kodi.binary.global.general" minversion="1.0.4" version="1.0.5"/>
    <import addon="kodi.binary.global.gui" minversion="5.15.0" version="5.15.0"/>
    <import addon="kodi.binary.global.filesystem" minversion="1.1.0" version="1.1.6"/>
    <import addon="kodi.binary.instance.vfs" minversion="3.0.0" version="3.0.0"/>
  </requires>
  <extension point="kodi.vfs" protocols="rar" extensions=".rar|.001|.cbr" files="true" directories="true" filedirectories="true" encodedhostname="true" library_linux="vfs.rar.so.4.0.0"/>
  <extension point="xbmc.addon.metadata">
    <summary lang="de_DE">Entpacker für .rar Dateien</summary>
    <summary lang="en_GB">Unarchiver for .rar files</summary>
    <summary lang="sv_SE">Uppackare för .rar-filer</summary>
    <description lang="de_DE">Dieses Addon dient zum entpacken von RAR-Archiven.

Es ermöglicht das direkte Lesen nicht komprimierter RAR-Dateien, sodass ein vorheriges Entpacken nicht erforderlich ist. Bei allen anderen Typen wird es vorübergehend entpackt und an Kodi übertragen.

Achtung: Der Archivtyp "Solid RAR" erfordert ein vollständiges Entpacken, um die darin enthaltenen Dateien zu verwenden. Daher können die Zugriffszeiten für größere Pakete länger dauern.</description>
    <description lang="en_GB">This addon is an extraction utility for RAR archives.

It allows direct reading of uncompressed RAR files, so prior unpacking is not necessary. For all other types, it is temporarily unpacked and passed to Kodi.

Attention: A "Solid RAR" archive type requires complete unpacking to use files within it. Hence access times may be long for larger packages.</description>
    <description lang="sv_SE">Detta tillägg är ett uppackningsverktyg för RAR-arkiv.

Detta gör det möjligt att spela upp okomprimerade RAR-filer utan att de först packas upp. För alla andra typer, packas den upp tillfälligt och skickas sedan till Kodi.

Observera: Ett "Fast" arkiv kräver en komplett uppackning av arkivet. Därför kan uppstartstiden ta lång tid om det är ett stort arkiv.</description>
    <platform/>
    <license>GPL-2.0-or-later</license>
    <source>https://github.com/xbmc/vfs.rar</source>
    <assets>
      <icon>resources/icon.png</icon>
      <fanart>resources/fanart.jpg</fanart>
    </assets>
  </extension>
</addon>
