<?xml version="1.0" encoding="UTF-8"?>
<addon id="audiodecoder.openmpt" version="3.0.0.3" name="OpenMPT Audio Decoder" provider-name="spiff">
  <requires>
    <import addon="kodi.binary.global.main" minversion="1.2.0" version="1.3.0"/>
    <import addon="kodi.binary.global.filesystem" minversion="1.1.0" version="1.1.6"/>
    <import addon="kodi.binary.instance.audiodecoder" minversion="3.0.0" version="3.0.0"/>
  </requires>
  <extension point="kodi.audiodecoder" name="mod" tags="true" extension=".mptm|.mod|.s3m|.xm|.it|.669|.amf|.ams|.c67|.dbm|.digi|.dmf|.dsm|.dtm|.far|.imf|.ice|.j2b|.m15|.mdl|.med|.mms|.mt2|.mtm|.nst|.okt|.plm|.psm|.pt36|.ptm|.sfx|.sfx2|.st26|.stk|.stm|.stp|.ult|.wow|.gdm|.mo3|.umx|.xpk|.ppm|.mmcmp" library_linux="audiodecoder.openmpt.so.3.0.0"/>
  <extension point="xbmc.addon.metadata">
    <summary lang="de_DE">OpenMPT - Entdecken Sie die Musik darin...</summary>
    <summary lang="en_GB">OpenMPT - Discover the music inside...</summary>
    <description lang="de_DE">OpenMPT (Abkürzung für Open ModPlug Tracker) ist völlig kostenlos und in seiner Bibliothek können Sie großartige Musik auf Ihrem Kodi wiedergeben.

Es unterstützt das Laden von IT- (Impulse Tracker), XM- (FastTracker Extended Module), MOD- (ProTracker und ähnliche), S3M- (Scream Tracker 3) und MPTM- (eigenes Dateiformat) Dateien und importiert viele weitere Modul- und Beispieldateiformate.

Auf seiner Website finden Sie eine vollständige Liste der unterstützten Typen.</description>
    <description lang="en_GB">OpenMPT (short hand for Open ModPlug Tracker) is completely free and his library allows you play back some great music on your Kodi.

It supports loading of IT (Impulse Tracker), XM (FastTracker Extended Module), MOD (ProTracker and similar), S3M (Scream Tracker 3) and MPTM (its own file format) files, imports many more module and sample file formats.

See his website for complete list of supported types.</description>
    <platform/>
    <license>GPL-2.0-or-later</license>
    <source>https://github.com/xbmc/audiodecoder.openmpt</source>
    <assets>
      <icon>icon.png</icon>
      <fanart>fanart.jpg</fanart>
    </assets>
  </extension>
</addon>
