<?xml version="1.0" encoding="UTF-8"?>
<addon id="visualization.starburst" version="2.4.0.3" name="StarBurst" provider-name="Team Kodi">
  <requires>
    <import addon="kodi.binary.global.main" minversion="1.2.0" version="1.3.0"/>
    <import addon="kodi.binary.global.gui" minversion="5.15.0" version="5.15.0"/>
    <import addon="kodi.binary.global.filesystem" minversion="1.1.0" version="1.1.6"/>
    <import addon="kodi.binary.instance.visualization" minversion="3.0.0" version="3.0.0"/>
  </requires>
  <extension point="xbmc.player.musicviz" library_linux="visualization.starburst.so.2.4.0"/>
  <extension point="xbmc.addon.metadata">
    <summary lang="en_GB">StarBurst visualizer</summary>
    <description lang="en_GB">Frequency giving stars burst.</description>
    <platform/>
    <license>GPL-2.0-or-later</license>
    <source>https://github.com/xbmc/visualization.starburst</source>
    <assets>
      <icon>resources/icon.png</icon>
      <fanart>resources/fanart.jpg</fanart>
      <screenshot>resources/screenshot-01.jpg</screenshot>
      <screenshot>resources/fanart.jpg</screenshot>
      <screenshot>resources/screenshot-02.jpg</screenshot>
    </assets>
  </extension>
</addon>
