<?xml version="1.0" encoding="UTF-8"?>
<addon id="audiodecoder.sacd" version="0.1.2.2" name="SACD ISO support" provider-name="Team Kodi, AlwinEsch">
  <requires>
    <import addon="kodi.binary.global.main" minversion="1.2.0" version="1.3.0"/>
    <import addon="kodi.binary.global.general" minversion="1.0.4" version="1.0.5"/>
    <import addon="kodi.binary.global.filesystem" minversion="1.1.0" version="1.1.6"/>
    <import addon="kodi.binary.instance.audiodecoder" minversion="3.0.0" version="3.0.0"/>
  </requires>
  <extension point="kodi.audiodecoder" name="sacd" extension=".iso|.sacdstream" tracks="true" tags="true" library_linux="audiodecoder.sacd.so.0.1.2"/>
  <extension point="xbmc.addon.metadata">
    <summary lang="de_DE">Super Audio CD ISO-Image</summary>
    <summary lang="en_GB">Super Audio CD ISO image</summary>
    <description lang="de_DE">Mit diesem Addon kann Kodi Inhalte von einem Super Audio CD ISO-Image lesen.

Super Audio CD (SACD) ist ein schreibgeschütztes optisches Disc-Format für die Audiospeicherung, das 1999 eingeführt wurde und von Sony und Philips Electronics gemeinsam als Nachfolger der Compact Disc entwickelt wurde.

Das SACD-Format bietet mehr Audiokanäle (z. B. Surround-Sound), eine höhere Bitrate und eine längere Wiedergabezeit als eine herkömmliche CD.</description>
    <description lang="en_GB">This addon allows Kodi to read content from a Super Audio CD ISO image.

Super Audio CD (SACD) is a read-only optical disc format for audio storage, introduced in 1999, developed jointly by Sony and Philips Electronics to be the successor to the Compact Disc.

The SACD format offers more audio channels (e.g. surround sound), a higher bit rate, and longer playing time than a conventional CD.</description>
    <platform/>
    <license>GPL-2.0-or-later</license>
    <source>https://github.com/xbmc/audiodecoder.sacd</source>
    <assets>
      <icon>icon.png</icon>
    </assets>
  </extension>
</addon>
