<?xml version="1.0" encoding="UTF-8"?>
<addon id="game.libretro.picodrive" name="Sega - MS/MD/CD/32X (PicoDrive)" version="1.98.0.26.1" provider-name="notaz, fdave, irixxxx">
  <requires>
    <import addon="game.libretro" version="1.0.0"/>
    <import addon="game.controller.genesis.6button" version="1.0.0"/>
  </requires>
  <extension point="kodi.gameclient" library_linux="game.libretro.picodrive.so">
    <platforms>Genesis|Game Gear|SEGA Master System|Sega CD|Megadrive|Mega CD</platforms>
    <extensions>bin|gen|smd|md|32x|cue|iso|chd|sms|m3u</extensions>
    <supports_vfs>false</supports_vfs>
    <supports_standalone>false</supports_standalone>
  </extension>
  <extension point="xbmc.addon.metadata">
    <license>MAME</license>
    <platform/>
    <source>https://github.com/kodi-game/game.libretro.picodrive</source>
    <assets>
      <icon>resources/icon.png</icon>
      <screenshot>resources/screenshot-01.jpg</screenshot>
      <screenshot>resources/screenshot-02.jpg</screenshot>
      <screenshot>resources/screenshot-03.jpg</screenshot>
    </assets>
    <disclaimer>Authors: Dave (aka fdave, FinalBurn author) and notaz</disclaimer>
    <summary lang="en_GB">Sega - MS/MD/CD/32X (PicoDrive) 1.98-</summary>
    <description lang="en_GB">PicoDrive is yet another Mega Drive / Genesis / Sega CD / Mega CD / 32X / SMS emulator heavily optimized for ARM.</description>
  </extension>
</addon>
