<?xml version="1.0" encoding="UTF-8" standalone="yes"?>
<addon id="driver.dvb.dvb-latest" name="DVB drivers from the latest kernel" version="19.2.0" provider-name="Team CoreELEC">
  <requires>
    <import addon="xbmc.python" version="3.0.0"/>
    <import addon="script.program.driverselect" version="0.0.0"/>
  </requires>
  <extension point="xbmc.service" library="default.py">
    <provides/>
  </extension>
  <extension point="xbmc.addon.metadata">
    <summary>dvb-latest (autogenerated)</summary>
    <description>
DVB drivers from the latest kernel (media_build)
    </description>
    <disclaimer>

    </disclaimer>
    <platform>all</platform>
    <news>
100
- Initial add-on
    </news>
    <assets>
      <icon>resources/icon.png</icon>
      <fanart>resources/fanart.png</fanart>
    </assets>
  </extension>
</addon>
