<?xml version="1.0" encoding="UTF-8" standalone="yes"?>
<addon id="service.usbmuxd"
       name="iPhone Tether"
       version="19.0.102"
       provider-name="Team CoreELEC">
  <requires>
    <import addon="xbmc.python" version="3.0.0"/>

  </requires>
  <extension point="xbmc.service" library="default.py">
    <provides></provides>
  </extension>
  <extension point="xbmc.addon.metadata">
    <summary>USB Multiplex Daemon</summary>
    <description>
USB Multiplex Daemon
    </description>
    <disclaimer>
Additional data charges may occur. The LibreELEC team doesn't take any resposibility for extra data charges.
    </disclaimer>
    <platform>all</platform>
    <news>
102
- updated libimobiledevice to 1.3.0
- updated libusb to 1.0.23
- updated libusbmuxd to 2.0.2
- updated usbmuxd to 1.1.1

100
- initial release
    </news>
    <assets>
      <icon>resources/icon.png</icon>
      <fanart>resources/fanart.png</fanart>

    </assets>
  </extension>
</addon>
