<?xml version="1.0" encoding="UTF-8" standalone="yes"?>
<addon id="service.emby4"
       name="Emby Server 4"
       version="19.5.1.109"
       provider-name="Anton Voyl (awiouy)">
  <requires>
    <import addon="xbmc.python" version="3.0.0"/>

    <import addon="tools.ffmpeg-tools" version="0.0.0" />
    <import addon="tools.dotnet-runtime" version="0.0.0" />
  </requires>
  <extension point="xbmc.service" library="default.py">
    <provides></provides>
  </extension>
  <extension point="xbmc.addon.metadata">
    <summary>Emby Server: a personal media server</summary>
    <description>
Emby Server brings your home videos, music, and photos together, automatically converting and streaming your media on-the-fly to any device.
    </description>
    <disclaimer>

    </disclaimer>
    <platform>all</platform>
    <news>
109
- Bootstrap

108
- Update to 4.4.2.0
- Fix system.d
- Update ImageMagick to 7.0.10-23

107
- Update ImageMagick to 7.0.10-9

106
- Update to 4.4.2.0

105
- Update to 4.2.1.0

104
- Update to 4.2.0.40

103
- Update to 4.1.1.0

102
- Update to 4.1.0.26

101
- Update to 4.0.2.0

100
- Initial release
    </news>
    <assets>
      <icon>resources/icon.png</icon>
      <fanart>resources/fanart.png</fanart>

    </assets>
  </extension>
</addon>
