<?xml version="1.0" encoding="UTF-8"?>
<addon id="audiodecoder.snesapu" version="3.0.0.2" name="SPC Audio Decoder" provider-name="spiff">
  <requires>
    <import addon="kodi.binary.global.main" minversion="1.2.0" version="1.3.0"/>
    <import addon="kodi.binary.global.filesystem" minversion="1.1.0" version="1.1.6"/>
    <import addon="kodi.binary.instance.audiodecoder" minversion="3.0.0" version="3.0.0"/>
  </requires>
  <extension point="kodi.audiodecoder" name="spc" extension=".spc" tags="true" library_linux="audiodecoder.snesapu.so.3.0.0"/>
  <extension point="xbmc.addon.metadata">
    <summary lang="de_DE">SNES-SPC700 Sound File Data Decoder</summary>
    <summary lang="en_GB">SNES-SPC700 Sound File Data Decoder</summary>
    <description lang="de_DE">Das SPC-Format enthält Super Nintendo (SNES) Spielmusik. Es ist nach Sonys SPC700-Beitrag zum S-SMP-Audio-Chip des SNES benannt. Das SNES war ein großer Sprung in der Audiotechnologie des NES, der Stereoklang, mehr Kanäle und vollständig gesampelte Instrumente ermöglichte.</description>
    <description lang="en_GB">The SPC format holds Super Nintendo (SNES) game music. It is named after Sony's SPC700 contribution to the SNES's S-SMP audio chip. The SNES was a major jump in audio technology from the NES allowing for stereo sound, more channels, and fully sampled instruments.</description>
    <platform/>
    <license>GPL-2.0-or-later</license>
    <source>https://github.com/xbmc/audiodecoder.snesapu</source>
    <assets>
      <icon>icon.png</icon>
    </assets>
  </extension>
</addon>
