<?xml version="1.0" encoding="UTF-8"?>
<addon id="audiodecoder.ssf" version="3.0.0.3" name="SSF/DSF Audio Decoder" provider-name="spiff">
  <requires>
    <import addon="kodi.binary.global.main" minversion="1.2.0" version="1.3.0"/>
    <import addon="kodi.binary.global.filesystem" minversion="1.1.0" version="1.1.6"/>
    <import addon="kodi.binary.instance.audiodecoder" minversion="3.0.0" version="3.0.0"/>
  </requires>
  <extension point="kodi.audiodecoder" name="ssf" extension=".ssf|.minissf|.dsf|.minidsf" tags="true" library_linux="audiodecoder.ssf.so.3.0.0"/>
  <extension point="xbmc.addon.metadata">
    <summary lang="de_DE">Sega SSF/DSF Audio Decoder</summary>
    <summary lang="en_GB">Sega SSF/DSF Audio Decoder</summary>
    <description lang="de_DE">Das Sega Saturn Sound Format (SSF) und das Dreamcast Sound Format (DSF) ist ein auf PSF basierendes Audioformat. Es speichert Audio, das aus den ROMs von Sega Saturn- und Sega Dreamcast-Spielen gerippt wurde.</description>
    <description lang="en_GB">Sega Saturn Sound Format (SSF) and Dreamcast Sound Format (DSF) is an audio format based on PSF. It stores audio ripped from the ROMs of Sega Saturn and Sega Dreamcast games.</description>
    <platform/>
    <license>GPL-2.0-or-later</license>
    <source>https://github.com/xbmc/audiodecoder.ssf</source>
    <assets>
      <icon>icon.png</icon>
    </assets>
  </extension>
</addon>
