<?xml version="1.0" encoding="UTF-8"?>
<addon id="game.libretro.dosbox-pure" name="DOS (DOSBox-Pure)" version="0.9.7.18.1" provider-name="DOSBox Team, Psyraven">
  <requires>
    <import addon="game.libretro" version="1.0.0"/>
  </requires>
  <extension point="kodi.gameclient" library_linux="game.libretro.dosbox-pure.so">
    <platforms/>
    <extensions>zip|dosz|exe|com|bat|iso|cue|ins|img|ima|vhd|jrc|tc|m3u|m3u8|conf</extensions>
    <supports_vfs>false</supports_vfs>
    <supports_standalone>true</supports_standalone>
    <requires_opengl>false</requires_opengl>
  </extension>
  <extension point="xbmc.addon.metadata">
    <license>GPLv2</license>
    <platform/>
    <source>https://github.com/kodi-game/game.libretro.dosbox-pure</source>
    <assets>
      <icon>resources/icon.png</icon>
    </assets>
    <summary lang="en_GB">DOS (DOSBox-Pure) 0.17</summary>
    <description lang="da_DK">DOSBox Pure er en ny fork af DOSBox bygget til RetroArch/Libretro med henblik på enkelhed og brugervenlighed.</description>
    <description lang="en_GB">DOSBox Pure is a new fork of DOSBox built for RetroArch/Libretro aiming for simplicity and ease of use.</description>
    <description lang="ko_KR">DOSBox Pure는 단순성과 사용 편의성을 목표로 RetroArch/Libretro용으로 제작된 DOSBox의 새로운 포크입니다.</description>
  </extension>
</addon>
