<?xml version="1.0" encoding="UTF-8" standalone="yes"?>
<addon id="tools.ffmpeg-tools"
       name="FFmpeg Tools"
       version="19.5.118"
       provider-name="Team CoreELEC">
  <requires>
    <import addon="xbmc.python" version="3.0.0"/>

  </requires>
  <extension point="xbmc.python.script" library="default.py">
    <provides></provides>
  </extension>
  <extension point="xbmc.addon.metadata">
    <summary>FFmpeg binary for transcoding and audio/video manipulating.</summary>
    <description>
ffmpeg-tools (autogenerated)
    </description>
    <disclaimer>

    </disclaimer>
    <platform>all</platform>
    <news>
117
- Update aom (AV1) to 3.2.0
- Update VPX to 1.11.0

116
- Update aom (AV1) to 3.1.0
- Update FFmpeg to 4.4
- Update VPX to 1.10.0
- Update x265 to 3.5

115
- Update aom (AV1) to 3.0.0
- Update ffmpegx to 4.3.2

114
- Update x264 to 2021-01-07

113
- Update Ffmpeg to 4.3.1

112
- Remove legacy RPi MMAL/OMX support

111
- Update AV1 to 2020-06-20
- Update FFmpeg to 4.3
- Update VPX to 1.8.2
- Update x265 to 3.4

110
- Update AV1 to 2019-11-15
- Update FFmpeg to 4.2.1
- Update VPX to 1.8.1
- Update x265 to 3.2

109
- Update FFmpeg to 4.1.4
- Update opus to 1.3.1

108
- Update aom to 2019-03-05
- Update x264 to 2019-03-06
- Update x265 to 3.0

107
- Use system gnutls
- Update FFmpeg to 4.1.3

106
- Use system libidn2

105
- Removed FDK-AAC
- Build with GNUTLS
- Update AV1 to 2019-01-09

104
- Update AV1 to d2a592e
- Update FFmpeg to 4.1
- Update opus to 1.3
- Update x264 to 2018-11-16
- Update x265 to 2.9

103
- Update AV1 to 2018-10-02
- Update FFmpeg to 4.0.2
- Update X264 to 2018-10-01

102
- Rename binary to ffmpeg (no ffmpegx anymore)
- Update AV1 to 96ee0eb
- Update FFmpeg to 4.0.1
- Update X264 to 2018-06-27
- Update X265 to 2.8

101
- Update to FFmpeg 4.0
- Added AV1 codec

100
- Initial release
    </news>
    <assets>
      <icon>resources/icon.png</icon>
      <fanart>resources/fanart.png</fanart>

    </assets>
  </extension>
</addon>
