<?xml version="1.0" encoding="UTF-8" standalone="yes"?>
<addon id="driver.remote.imon-mce"
       name="iMON-MCE"
       version="19.5.1.102"
       provider-name="Team CoreELEC">
  <requires>
    <import addon="xbmc.python" version="3.0.0"/>

  </requires>
  <extension point="xbmc.service" library="default.py">
    <provides></provides>
  </extension>
  <extension point="xbmc.addon.metadata">
    <summary>Add-on removed</summary>
    <description>
Add-on removed
    </description>
    <disclaimer>

    </disclaimer>
    <broken>
iMON-MCE driver was removed, use .config/rc_maps.cfg instead.
    </broken>
    <platform>all</platform>
    <news>

    </news>
    <assets>
      <icon>resources/icon.png</icon>
      <fanart>resources/fanart.png</fanart>

    </assets>
  </extension>
</addon>
